id,name,filename,description,run_function,plugin_ready,execution_type,assistant_mode,output_type,ai_augmentation_type
backend_01,Data Cleaner,backend_01_data_cleaner.py,"Drops nulls, renames columns, and trims text",run(config),yes,backend,single,dict,none
backend_02,CSV to JSON Converter,backend_02_csv_to_json_converter.py,Transforms CSV to structured JSON with type mapping,run(config),yes,backend,single,dict,none
backend_03,Schema Generator,backend_03_schema_generator.py,Infers and exports schema from tabular input,run(config),yes,backend,single,dict,none
backend_04,GPT Column Classifier,backend_04_gpt_column_classifier.py,Uses GPT to classify column purposes,run(config),yes,backend,single,dict,gpt
backend_05,Boolean Normalizer,backend_05_boolean_normalizer.py,Converts boolean-like fields into True/False,run(config),yes,backend,single,dict,none
backend_06,GPT Row Summarizer,backend_06_gpt_row_summarizer.py,Summarizes rows using OpenAI,run(config),yes,backend,single,dict,gpt
backend_07,File Format Validator,backend_07_file_format_validator.py,Checks for CSV/TSV/JSON structure correctness,run(config),yes,backend,single,dict,none
backend_08,Assistant Chainer,backend_08_assistant_chainer.py,Executes multiple assistants in sequence,run(config),yes,backend,single,dict,none
backend_09,DAG Node Runner,backend_09_dag_node_runner.py,Executes DAG step with node config,run(config),yes,backend,single,dict,none
backend_10,Zip File Extractor,backend_10_zip_file_extractor.py,Unzips archive and indexes files,run(config),yes,backend,single,dict,none
backend_11,GPT Prompt Generator,backend_11_gpt_prompt_generator.py,Constructs prompts based on assistant registry,run(config),yes,backend,single,dict,gpt
backend_12,Assistant Registry Filter,backend_12_assistant_registry_filter.py,Filters registry rows using tag or phase,run(config),yes,backend,single,dict,none
backend_13,Task Queue Simulator,backend_13_task_queue_simulator.py,Simulates async job handling with status tracking,run(config),yes,backend,single,dict,none
backend_14,LLM Token Cost Calculator,backend_14_llm_token_cost_calculator.py,Estimates token cost of assistant execution,run(config),yes,backend,single,dict,none
backend_15,JSON Cleaner & Flattener,backend_15_json_cleaner_&_flattener.py,Parses and flattens deeply nested JSON,run(config),yes,backend,single,dict,none
backend_16,GPT Decision Tree Generator,backend_16_gpt_decision_tree_generator.py,Creates decision logic from prompt,run(config),yes,backend,single,dict,gpt
backend_17,Data Profiling Assistant,backend_17_data_profiling_assistant.py,"Generates stats, outliers, and distributions",run(config),yes,backend,single,dict,none
backend_18,Assistant Scoring Function,backend_18_assistant_scoring_function.py,Scores assistant quality and completeness,run(config),yes,backend,single,dict,none
backend_19,GPT Metadata Inferrer,backend_19_gpt_metadata_inferrer.py,"Extracts title, tags, and summary from raw text",run(config),yes,backend,single,dict,gpt
backend_20,Universal File Reader,backend_20_universal_file_reader.py,Opens any structured file and returns parsed output,run(config),yes,backend,single,dict,none
