id,name,filename,description,run_function,plugin_ready,execution_type,assistant_mode,output_type,ai_augmentation_type
style_01,Logical Reasoning Mapper,style_01_logical_reasoning_mapper.py,Applies deduction/boolean logic chains,run(config),yes,backend,single,dict,none
style_02,Analogical Reasoning Assistant,style_02_analogical_reasoning_assistant.py,Compares patterns or metaphors,run(config),yes,backend,single,dict,none
style_03,Causal Inference Estimator,style_03_causal_inference_estimator.py,Identifies cause-effect relations from data,run(config),yes,backend,single,dict,none
style_04,Counterfactual Generator,style_04_counterfactual_generator.py,Simulates 'what if' scenarios,run(config),yes,backend,single,dict,none
style_05,Probabilistic Modeler,style_05_probabilistic_modeler.py,Outputs probabilities for predictions,run(config),yes,backend,single,dict,none
style_06,Narrative Coherence Evaluator,style_06_narrative_coherence_evaluator.py,Scores storytelling or flow,run(config),yes,backend,single,dict,none
style_07,Visual Reasoning Translator,style_07_visual_reasoning_translator.py,Maps visual inputs to text logic,run(config),yes,backend,single,dict,none
style_08,Socratic Question Generator,style_08_socratic_question_generator.py,Creates structured exploratory questions,run(config),yes,backend,single,dict,none
style_09,Commonsense Consistency Checker,style_09_commonsense_consistency_checker.py,Flags content violating commonsense,run(config),yes,backend,single,dict,none
style_10,Ethical Constraint Enforcer,style_10_ethical_constraint_enforcer.py,Applies ethical checks to responses,run(config),yes,backend,single,dict,none
style_11,Temporal Reasoning Engine,style_11_temporal_reasoning_engine.py,"Handles sequence, time, and chronology logic",run(config),yes,backend,single,dict,none
style_12,Multi-hop Chain Explainer,style_12_multi-hop_chain_explainer.py,Explains multi-step reasoning flows,run(config),yes,backend,single,dict,none
style_13,Personality Styler,style_13_personality_styler.py,Adapts tone and behavior to persona,run(config),yes,backend,single,dict,none
style_14,Reflective Summary Generator,style_14_reflective_summary_generator.py,Adds commentary or self-evaluation,run(config),yes,backend,single,dict,none
style_15,Belief Consistency Validator,style_15_belief_consistency_validator.py,Detects contradictions in belief sets,run(config),yes,backend,single,dict,none
style_16,Action Plan Builder,style_16_action_plan_builder.py,Outputs logical step-by-step plans,run(config),yes,backend,single,dict,none
style_17,Intuition Profiler,style_17_intuition_profiler.py,Surfaces intuitive signals from GPT responses,run(config),yes,backend,single,dict,none
style_18,Emotion Gradient Mapper,style_18_emotion_gradient_mapper.py,Shows emotional shift in response content,run(config),yes,backend,single,dict,none
style_19,Conceptual Abstraction Assistant,style_19_conceptual_abstraction_assistant.py,Summarizes abstract ideas,run(config),yes,backend,single,dict,none
style_20,Intelligence Style Recommender,style_20_intelligence_style_recommender.py,Suggests best reasoning style for task,run(config),yes,backend,single,dict,none
