[
  {
    "slug": "remove_duplicate_rows_from_csv_dataset",
    "score": 5,
    "status": "ok",
    "files": {
      ".md": true,
      ".py": true,
      "manifest.json": true,
      "README.md": true
    },
    "title": "Remove Duplicate Rows from CSV Dataset",
    "category": null,
    "uses_gpt": false,
    "has_run_ui": true
  },
  {
    "slug": "remove_duplicate_rows_from_csv_file",
    "score": 2,
    "status": "incomplete",
    "files": {
      ".md": false,
      ".py": false,
      "manifest.json": false,
      "README.md": true
    }
  }
]