id,name,filename,description,run_function,plugin_ready,execution_type,assistant_mode,output_type,ai_augmentation_type
dag_01,Node Executor,dag_01_node_executor.py,Runs a single assistant node with config,run(config),yes,backend,single,dict,none
dag_02,Flow Graph Generator,dag_02_flow_graph_generator.py,Generates DAG visualization from JSON,run(config),yes,backend,single,dict,none
dag_03,Step Linker,dag_03_step_linker.py,Links outputs from one assistant to another,run(config),yes,backend,single,dict,none
dag_04,Conditional Branch Evaluator,dag_04_conditional_branch_evaluator.py,Executes conditional step logic (if/then),run(config),yes,backend,single,dict,none
dag_05,Loop Executor,dag_05_loop_executor.py,Repeats node execution in for-loop or while-loop style,run(config),yes,backend,single,dict,none
dag_06,DAG Validator,dag_06_dag_validator.py,Validates DAG structure and detects cycles,run(config),yes,backend,single,dict,none
dag_07,Node Status Tracker,dag_07_node_status_tracker.py,Tracks per-node success/failure state,run(config),yes,backend,single,dict,none
dag_08,Flow Runner with Retry,dag_08_flow_runner_with_retry.py,Executes DAG with auto-retry on failure,run(config),yes,backend,single,dict,none
dag_09,DAG from Markdown Parser,dag_09_dag_from_markdown_parser.py,Converts markdown tables to DAG nodes,run(config),yes,backend,single,dict,none
dag_10,Flow Inspector,dag_10_flow_inspector.py,Prints execution plan and highlights slow steps,run(config),yes,backend,single,dict,none
dag_11,Input Dependency Resolver,dag_11_input_dependency_resolver.py,Injects inputs into nodes based on dependency graphs,run(config),yes,backend,single,dict,none
dag_12,Output Cache Manager,dag_12_output_cache_manager.py,Caches assistant outputs for reuse,run(config),yes,backend,single,dict,none
dag_13,Parallel Node Launcher,dag_13_parallel_node_launcher.py,Runs compatible nodes in parallel,run(config),yes,backend,single,dict,none
dag_14,DAG Event Logger,dag_14_dag_event_logger.py,"Logs execution, timestamps, status for each node",run(config),yes,backend,single,dict,none
dag_15,Retry Policy Handler,dag_15_retry_policy_handler.py,Custom retry policies for node failures,run(config),yes,backend,single,dict,none
dag_16,DAG Cleanup Assistant,dag_16_dag_cleanup_assistant.py,"Clears temp files, resets node cache",run(config),yes,backend,single,dict,none
dag_17,Interactive DAG Builder,dag_17_interactive_dag_builder.py,Frontend-configurable DAG editor via Streamlit or API,run(config),yes,backend,single,dict,none
dag_18,DAG Exporter,dag_18_dag_exporter.py,"Saves DAGs as JSON, Markdown, or DOT",run(config),yes,backend,single,dict,none
dag_19,Node Template Generator,dag_19_node_template_generator.py,Generates assistant node templates,run(config),yes,backend,single,dict,none
dag_20,DAG Flow Scheduler,dag_20_dag_flow_scheduler.py,Triggers DAG flows via cron or API events,run(config),yes,backend,single,dict,none
